<?xml version="1.0" encoding="UTF-8" standalone="yes"?>
<Content>
    <Views>
        <ViewDef id="90548e68-4b95-4c61-b8c1-48d5aebc8981">
            <Title>SDMP Discovery Failures</Title>
            <Description/>
            <SubjectType adapterKind="VMWARE" filter="[[{&quot;filterType&quot;:&quot;properties&quot;,&quot;metricKey&quot;:&quot;Guest OS Services|ServiceDiscoveryStatus&quot;,&quot;condition&quot;:&quot;NOT_EQUALS&quot;,&quot;metricValue&quot;:{&quot;value&quot;:&quot;Success&quot;,&quot;isStringMetric&quot;:true}},{&quot;filterType&quot;:&quot;properties&quot;,&quot;metricKey&quot;:&quot;summary|config|isTemplate&quot;,&quot;condition&quot;:&quot;NOT_EQUALS&quot;,&quot;metricValue&quot;:{&quot;value&quot;:&quot;true&quot;,&quot;isStringMetric&quot;:true}},{&quot;filterType&quot;:&quot;metrics&quot;,&quot;metricKey&quot;:&quot;summary|poweredOff&quot;,&quot;condition&quot;:&quot;EQUALS&quot;,&quot;metricValue&quot;:{&quot;value&quot;:0,&quot;isStringMetric&quot;:false}}]]" resourceKind="VirtualMachine" type="descendant"/>
            <SubjectType adapterKind="VMWARE" filter="[[{&quot;filterType&quot;:&quot;properties&quot;,&quot;metricKey&quot;:&quot;Guest OS Services|ServiceDiscoveryStatus&quot;,&quot;condition&quot;:&quot;NOT_EQUALS&quot;,&quot;metricValue&quot;:{&quot;value&quot;:&quot;Success&quot;,&quot;isStringMetric&quot;:true}},{&quot;filterType&quot;:&quot;properties&quot;,&quot;metricKey&quot;:&quot;summary|config|isTemplate&quot;,&quot;condition&quot;:&quot;NOT_EQUALS&quot;,&quot;metricValue&quot;:{&quot;value&quot;:&quot;true&quot;,&quot;isStringMetric&quot;:true}},{&quot;filterType&quot;:&quot;metrics&quot;,&quot;metricKey&quot;:&quot;summary|poweredOff&quot;,&quot;condition&quot;:&quot;EQUALS&quot;,&quot;metricValue&quot;:{&quot;value&quot;:0,&quot;isStringMetric&quot;:false}}]]" resourceKind="VirtualMachine" type="self"/>
            <Usage>dashboard</Usage>
            <Usage>content</Usage>
            <Controls>
                <Control id="time-interval-selector_id_197" type="time-interval-selector" visible="false">
                    <Property name="advancedTimeMode" value="false"/>
                    <Property name="unit" value="DAYS"/>
                    <Property name="count" value="7"/>
                </Control>
                <Control id="attributes-selector_id_198" type="attributes-selector" visible="false">
                    <Property name="attributeInfos">
                        <List>
                            <Item>
<Value>
    <Property name="objectType" value="RESOURCE"/>
    <Property name="attributeKey" value="summary|guest|fullName"/>
    <Property name="id" value="extModel22969-1"/>
    <Property name="isStringAttribute" value="true"/>
    <Property name="adapterKind" value="VMWARE"/>
    <Property name="resourceKind" value="VirtualMachine"/>
    <Property name="rollUpCount" value="0"/>
    <Property name="transformations">
        <List>
            <Item value="LAST"/>
        </List>
    </Property>
    <Property name="isProperty" value="true"/>
    <Property name="displayName" value="Guest OS"/>
</Value>
                            </Item>
                            <Item>
<Value>
    <Property name="objectType" value="RESOURCE"/>
    <Property name="attributeKey" value="summary|guest|toolsRunningStatus"/>
    <Property name="id" value="extModel22969-2"/>
    <Property name="isStringAttribute" value="true"/>
    <Property name="adapterKind" value="VMWARE"/>
    <Property name="resourceKind" value="VirtualMachine"/>
    <Property name="rollUpCount" value="0"/>
    <Property name="transformations">
        <List>
            <Item value="LAST"/>
        </List>
    </Property>
    <Property name="isProperty" value="true"/>
    <Property name="displayName" value="Tools Status"/>
</Value>
                            </Item>
                            <Item>
<Value>
    <Property name="objectType" value="RESOURCE"/>
    <Property name="attributeKey" value="Guest OS Services|DiscoveryMethod"/>
    <Property name="id" value="extModel22969-3"/>
    <Property name="isStringAttribute" value="true"/>
    <Property name="adapterKind" value="VMWARE"/>
    <Property name="resourceKind" value="VirtualMachine"/>
    <Property name="rollUpCount" value="0"/>
    <Property name="transformations">
        <List>
            <Item value="LAST"/>
        </List>
    </Property>
    <Property name="isProperty" value="true"/>
    <Property name="displayName" value="Discovery Method"/>
</Value>
                            </Item>
                            <Item>
<Value>
    <Property name="objectType" value="RESOURCE"/>
    <Property name="attributeKey" value="Guest OS Services|ServiceDiscoveryStatus"/>
    <Property name="id" value="extModel22969-4"/>
    <Property name="isStringAttribute" value="true"/>
    <Property name="adapterKind" value="VMWARE"/>
    <Property name="resourceKind" value="VirtualMachine"/>
    <Property name="rollUpCount" value="0"/>
    <Property name="transformations">
        <List>
            <Item value="LAST"/>
        </List>
    </Property>
    <Property name="isProperty" value="true"/>
    <Property name="displayName" value="Discovery Status"/>
</Value>
                            </Item>
                            <Item>
<Value>
    <Property name="objectType" value="RESOURCE"/>
    <Property name="attributeKey" value="summary|guest|toolsVersionStatus2"/>
    <Property name="isStringAttribute" value="true"/>
    <Property name="adapterKind" value="VMWARE"/>
    <Property name="resourceKind" value="VirtualMachine"/>
    <Property name="rollUpCount" value="0"/>
    <Property name="transformations">
        <List>
            <Item value="LAST"/>
        </List>
    </Property>
    <Property name="isProperty" value="true"/>
    <Property name="displayName" value="Tools Version Status"/>
</Value>
                            </Item>
                        </List>
                    </Property>
                </Control>
                <Control id="pagination-control_id_199" type="pagination-control" visible="true">
                    <Property name="start" value="0"/>
                    <Property name="size" value="50"/>
                </Control>
            </Controls>
            <DataProviders>
                <DataProvider dataType="list-view" id="list-view_id_196"/>
            </DataProviders>
            <Presentation type="list"/>
        </ViewDef>
    </Views>
</Content>
