<?xml version="1.0" encoding="UTF-8" standalone="yes"?>
<Content>
    <Views>
        <ViewDef id="77901606-dcfc-457b-a2f4-b9a46a131a0a">
            <Title>SDMP VM No Services Discovered</Title>
            <Description/>
            <SubjectType adapterKind="VMWARE" filter="[[{&quot;filterType&quot;:&quot;properties&quot;,&quot;metricKey&quot;:&quot;Guest OS Services|ServiceDiscoveryStatus&quot;,&quot;condition&quot;:&quot;EQUALS&quot;,&quot;metricValue&quot;:{&quot;value&quot;:&quot;Success&quot;,&quot;isStringMetric&quot;:true}},{&quot;filterType&quot;:&quot;properties&quot;,&quot;metricKey&quot;:&quot;Guest OS Services|KnownServiceCount&quot;,&quot;condition&quot;:&quot;EQUALS&quot;,&quot;metricValue&quot;:{&quot;value&quot;:&quot;0&quot;,&quot;isStringMetric&quot;:true}},{&quot;filterType&quot;:&quot;properties&quot;,&quot;metricKey&quot;:&quot;Guest OS Services|UnknownServiceCount&quot;,&quot;condition&quot;:&quot;EQUALS&quot;,&quot;metricValue&quot;:{&quot;value&quot;:&quot;0&quot;,&quot;isStringMetric&quot;:true}}]]" resourceKind="VirtualMachine" type="descendant"/>
            <SubjectType adapterKind="VMWARE" filter="[[{&quot;filterType&quot;:&quot;properties&quot;,&quot;metricKey&quot;:&quot;Guest OS Services|ServiceDiscoveryStatus&quot;,&quot;condition&quot;:&quot;EQUALS&quot;,&quot;metricValue&quot;:{&quot;value&quot;:&quot;Success&quot;,&quot;isStringMetric&quot;:true}},{&quot;filterType&quot;:&quot;properties&quot;,&quot;metricKey&quot;:&quot;Guest OS Services|KnownServiceCount&quot;,&quot;condition&quot;:&quot;EQUALS&quot;,&quot;metricValue&quot;:{&quot;value&quot;:&quot;0&quot;,&quot;isStringMetric&quot;:true}},{&quot;filterType&quot;:&quot;properties&quot;,&quot;metricKey&quot;:&quot;Guest OS Services|UnknownServiceCount&quot;,&quot;condition&quot;:&quot;EQUALS&quot;,&quot;metricValue&quot;:{&quot;value&quot;:&quot;0&quot;,&quot;isStringMetric&quot;:true}}]]" resourceKind="VirtualMachine" type="self"/>
            <Usage>dashboard</Usage>
            <Usage>content</Usage>
            <Controls>
                <Control id="time-interval-selector_id_202" type="time-interval-selector" visible="false">
                    <Property name="advancedTimeMode" value="false"/>
                    <Property name="unit" value="DAYS"/>
                    <Property name="count" value="7"/>
                </Control>
                <Control id="attributes-selector_id_203" type="attributes-selector" visible="false">
                    <Property name="attributeInfos">
                        <List>
                            <Item>
<Value>
    <Property name="objectType" value="RESOURCE"/>
    <Property name="attributeKey" value="summary|guest|fullName"/>
    <Property name="id" value="extModel22969-1"/>
    <Property name="isStringAttribute" value="true"/>
    <Property name="adapterKind" value="VMWARE"/>
    <Property name="resourceKind" value="VirtualMachine"/>
    <Property name="rollUpCount" value="0"/>
    <Property name="transformations">
        <List>
            <Item value="LAST"/>
        </List>
    </Property>
    <Property name="isProperty" value="true"/>
    <Property name="displayName" value="Guest OS"/>
</Value>
                            </Item>
                            <Item>
<Value>
    <Property name="objectType" value="RESOURCE"/>
    <Property name="attributeKey" value="Guest OS Services|KnownServiceCount"/>
    <Property name="isStringAttribute" value="true"/>
    <Property name="adapterKind" value="VMWARE"/>
    <Property name="resourceKind" value="VirtualMachine"/>
    <Property name="rollUpCount" value="0"/>
    <Property name="transformations">
        <List>
            <Item value="LAST"/>
        </List>
    </Property>
    <Property name="isProperty" value="true"/>
    <Property name="displayName" value="Known Services"/>
</Value>
                            </Item>
                            <Item>
<Value>
    <Property name="objectType" value="RESOURCE"/>
    <Property name="attributeKey" value="Guest OS Services|UnknownServiceCount"/>
    <Property name="isStringAttribute" value="true"/>
    <Property name="adapterKind" value="VMWARE"/>
    <Property name="resourceKind" value="VirtualMachine"/>
    <Property name="rollUpCount" value="0"/>
    <Property name="transformations">
        <List>
            <Item value="LAST"/>
        </List>
    </Property>
    <Property name="isProperty" value="true"/>
    <Property name="displayName" value="Unknown Services"/>
</Value>
                            </Item>
                        </List>
                    </Property>
                </Control>
                <Control id="pagination-control_id_204" type="pagination-control" visible="true">
                    <Property name="start" value="0"/>
                    <Property name="size" value="50"/>
                </Control>
            </Controls>
            <DataProviders>
                <DataProvider dataType="list-view" id="list-view_id_201"/>
            </DataProviders>
            <Presentation type="list"/>
        </ViewDef>
    </Views>
</Content>
