<?xml version="1.0" encoding="UTF-8" standalone="yes"?>
<Content>
    <Views>
        <ViewDef id="830000e3-994d-4f22-9825-ab34611bc6ce">
            <Title>SDMP No Success Tools Running</Title>
            <Description/>
            <SubjectType adapterKind="VMWARE" filter="[[{&quot;filterType&quot;:&quot;properties&quot;,&quot;metricKey&quot;:&quot;Guest OS Services|ServiceDiscoveryStatus&quot;,&quot;condition&quot;:&quot;NOT_EQUALS&quot;,&quot;metricValue&quot;:{&quot;value&quot;:&quot;Success&quot;,&quot;isStringMetric&quot;:true}}]]" resourceKind="VirtualMachine" type="descendant"/>
            <Usage>dashboard</Usage>
            <Usage>report</Usage>
            <Usage>details</Usage>
            <Usage>content</Usage>
            <Controls>
                <Control id="time-interval-selector_id_217" type="time-interval-selector" visible="false">
                    <Property name="advancedTimeMode" value="false"/>
                    <Property name="unit" value="DAYS"/>
                    <Property name="count" value="7"/>
                </Control>
                <Control id="attributes-selector_id_218" type="attributes-selector" visible="false">
                    <Property name="attributeInfos">
                        <List>
                            <Item>
<Value>
    <Property name="objectType" value="RESOURCE"/>
    <Property name="attributeKey" value="summary|guest|toolsRunningStatus"/>
    <Property name="isStringAttribute" value="true"/>
    <Property name="adapterKind" value="VMWARE"/>
    <Property name="resourceKind" value="VirtualMachine"/>
    <Property name="rollUpCount" value="0"/>
    <Property name="isProperty" value="true"/>
    <Property name="displayName" value="Tools Running"/>
</Value>
                            </Item>
                        </List>
                    </Property>
                </Control>
                <Control id="buckets-control_id_219" type="buckets-control" visible="false">
                    <Property name="bucketCount" value="10"/>
                    <Property name="dynamicCalcFunction" value="DISCRETE"/>
                    <Property name="isDynamic" value="true"/>
                </Control>
            </Controls>
            <DataProviders>
                <DataProvider dataType="distribution-view" id="distribution-view_id_216"/>
            </DataProviders>
            <Presentation type="pie-chart"/>
        </ViewDef>
    </Views>
</Content>
